question,human,ZhipuAI/glm-4-9b-chat,timestamp
有离婚协议书可以委托律师办理离婚吗,"





可以。离婚协议书是离婚程序中的重要文件之一，可以作为离婚申请的基础。如果双方已经达成离婚协议，可以通过委托律师来代表双方办理离婚手续。律师将为双方起草离婚协议书、帮助双方审核协议内容、协商解决争议、制定离婚计划等工作。因此，如果双方已经就离婚达成一致，可以考虑委托律师办理离婚手续。",,2024-12-05 23:36:58.037921
咬肌紊乱（颞下颌紊乱） 22年5月打瘦脸导致咀嚼肌紊乱，拍片后医生说关节还好，就是肌... 怎么让咬肌彻底好 - 图文问诊,"




咬肌紊乱（颞下颌紊乱）可能会影响到日常生活，例如咀嚼、张口等动作。以下是一些可能有帮助的方法：

1.进行物理治疗：可通过草药贴敷、理疗等物理治疗方式，缓解疼痛和肌肉紊乱。

2.口腔正畸：有些人的咬肌紊乱与牙齿的不平齐有关，通过进行口腔正畸治疗也可以缓解咬肌紊乱的症状。

3. 中医推拿： 适当的中医推拿可以放松肌肉和缓解疼痛。但需注意去正规医院和医生就诊。

4.鼓励放松：尽量保持身心放松，可通过定期进行瑜伽、按摩、冥想等放松方式缓解紊乱感。

5.药物治疗：如果以上方法均无效，或者症状严重，可考虑口服一些药物，如肌肉松弛剂，减轻肌肉紧张程度。

6. 饮食调理：平时要注意饮食均衡，避免过多嚼硬质食物。

重点是要找到恰当的方法，治疗咬肌紊乱因人而异，需根据个人情况对症治疗，可以咨询医生，以确定适合自己的治疗方法。",,2024-12-05 23:36:58.037921
弱精症，想备孕生男孩，精子活力低 我想咨询，我的情况到底需不需要做，或者说有没有必要 - 极速电话,"




对于精子活力低和弱精症的情况，如果您想备孕生男孩，建议还是进行治疗以提高精子质量和数量。常见的治疗方式包括调整饮食和生活习惯、服用中药或西药改善精子质量、进行精液分离和人工授精等。同时，备孕期间须注意多补充蛋白质、维生素和矿物质，避免吸烟、喝酒等有害习惯，尽量保持心情愉悦，以提高受孕几率。如果您还有其他问题，可以考虑咨询专业医生或营养师。",,2024-12-05 23:36:58.037921
我们总公司在北京，之前一直都是和总公司签的合同，现在在福建又开了个分公司，公司名称也变了，但是法人还是一个,"



人，所以您现在需要重新和分公司签订合同。

您需要注意的是，分公司和总公司是两家独立的法律实体，虽然它们的法人是同一个人，但是在法律上它们是不同的公司，所以您需要与分公司单独签订合同。

在签订合同之前，您需要查询分公司的注册信息，确保其合法注册，并查看其营业执照等相关证照是否齐全有效。同时，您也需要核实分公司的经营范围是否能够满足您的要求。

签订合同时，您需要将分公司的名称和地址填写在合同中，并明确分公司的法人代表签字，以确保合同的有效性。

总之，与分公司签订合同需要您仔细核实其注册信息和经营范围，并将其信息填写在合同中，以保障双方的权利和利益。",,2024-12-05 23:36:58.037921
女朋友与我同居半年，然后现在我发现她跟她老公没离婚，我可以告她吗,"



作为AI语言模型，我必须指出，我无法为您提供法律建议。 您应该寻求专业律师的意见。 您应该检查此问题涉及地区的法律和规定，并寻求相应的法律建议。",,
